chemicals,,cws_name,chemical_species,contaminant_level,county,pws_id,pop_served,state,unit_measurement,value,year,fips,state_fips,,,,,,,,,,,,,,,,,,,,,,,,,,,,,,,,,,,,,,,,,,,,,,,,,,,,,,,,,,,,,,,,,,,,,,,,,,,,,,,,,,,,,,,,,,,,,,,,,,,,,,,,,
,,CALIFORNIA WATER SERVICE - LIVERMORE,Uranium,Less than or equal MCL,Alameda,CA0110003,57200,California,micrograms/L,1.54,2000,6001,6,,,,,,,,,,,,,,,,,,,,,,,,,,,,,,,,,,,,,,,,,,,,,,,,,,,,,,,,,,,,,,,,,,,,,,,,,,,,,,,,,,,,,,,,,,,,,,,,,,,,,,,,,
,,CITY OF LIVERMORE,Uranium,Less than or equal MCL,Alameda,CA0110011,26400,California,micrograms/L,1.64,2000,6001,6,,,,,,,,,,,,,,,,,,,,,,,,,,,,,,,,,,,,,,,,,,,,,,,,,,,,,,,,,,,,,,,,,,,,,,,,,,,,,,,,,,,,,,,,,,,,,,,,,,,,,,,,,
,,CITY OF PLEASANTON,Uranium,Less than or equal MCL,Alameda,CA0110008,70600,California,micrograms/L,1.64,2000,6001,6,,,,,,,,,,,,,,,,,,,,,,,,,,,,,,,,,,,,,,,,,,,,,,,,,,,,,,,,,,,,,,,,,,,,,,,,,,,,,,,,,,,,,,,,,,,,,,,,,,,,,,,,,
,,DUBLIN SAN RAMON SERVICES DISTRICT,Uranium,Less than or equal MCL,Alameda,CA0110009,72500,California,micrograms/L,1.64,2000,6001,6,,,,,,,,,,,,,,,,,,,,,,,,,,,,,,,,,,,,,,,,,,,,,,,,,,,,,,,,,,,,,,,,,,,,,,,,,,,,,,,,,,,,,,,,,,,,,,,,,,,,,,,,,
,,NORRIS CANYON PROPERTY OWNERS ASSN,Uranium,Less than or equal MCL,Alameda,CA0103040,100,California,micrograms/L,4.51,2000,6001,6,,,,,,,,,,,,,,,,,,,,,,,,,,,,,,,,,,,,,,,,,,,,,,,,,,,,,,,,,,,,,,,,,,,,,,,,,,,,,,,,,,,,,,,,,,,,,,,,,,,,,,,,,
,,PARKS RFTA,Uranium,Less than or equal MCL,Alameda,CA0110700,1800,California,micrograms/L,1.64,2000,6001,6,,,,,,,,,,,,,,,,,,,,,,,,,,,,,,,,,,,,,,,,,,,,,,,,,,,,,,,,,,,,,,,,,,,,,,,,,,,,,,,,,,,,,,,,,,,,,,,,,,,,,,,,,
,,TRAILER HAVEN MOBILE HOME PARK,Uranium,Less than or equal MCL,Alameda,CA0103041,240,California,micrograms/L,2.7,2000,6001,6,,,,,,,,,,,,,,,,,,,,,,,,,,,,,,,,,,,,,,,,,,,,,,,,,,,,,,,,,,,,,,,,,,,,,,,,,,,,,,,,,,,,,,,,,,,,,,,,,,,,,,,,,
,,ZONE 7 WATER AGENCY,Uranium,Less than or equal MCL,Alameda,CA0110010,40,California,micrograms/L,1.64,2000,6001,6,,,,,,,,,,,,,,,,,,,,,,,,,,,,,,,,,,,,,,,,,,,,,,,,,,,,,,,,,,,,,,,,,,,,,,,,,,,,,,,,,,,,,,,,,,,,,,,,,,,,,,,,,
,,ALAMEDA COUNTY WATER DISTRICT,Uranium,Less than or equal MCL,Alameda,CA0110001,328325,California,micrograms/L,0.64,2001,6001,6,,,,,,,,,,,,,,,,,,,,,,,,,,,,,,,,,,,,,,,,,,,,,,,,,,,,,,,,,,,,,,,,,,,,,,,,,,,,,,,,,,,,,,,,,,,,,,,,,,,,,,,,,
,,CITY OF HAYWARD,Uranium,Less than or equal MCL,Alameda,CA0110006,146398,California,micrograms/L,0.64,2001,6001,6,,,,,,,,,,,,,,,,,,,,,,,,,,,,,,,,,,,,,,,,,,,,,,,,,,,,,,,,,,,,,,,,,,,,,,,,,,,,,,,,,,,,,,,,,,,,,,,,,,,,,,,,,
,,,,,,,,,,,,,,,,,,,,,,,,,,,,,,,,,,,,,,,,,,,,,,,,,,,,,,,,,,,,,,,,,,,,,,,,,,,,,,,,,,,,,,,,,,,,,,,,,,,,,,,,,,,,,,,,,,,,,,
,,,,,,,,,,,,,,,,,,,,,,,,,,,,,,,,,,,,,,,,,,,,,,,,,,,,,,,,,,,,,,,,,,,,,,,,,,,,,,,,,,,,,,,,,,,,,,,,,,,,,,,,,,,,,,,,,,,,,,
,,,,,,,,,,,,,,,,,,,,,,,,,,,,,,,,,,,,,,,,,,,,,,,,,,,,,,,,,,,,,,,,,,,,,,,,,,,,,,,,,,,,,,,,,,,,,,,,,,,,,,,,,,,,,,,,,,,,,,
droughts,,fips,county,state,none,d0,d1,d2,d3,d4,valid_start,valid_end,,,,,,,,,,,,,,,,,,,,,,,,,,,,,,,,,,,,,,,,,,,,,,,,,,,,,,,,,,,,,,,,,,,,,,,,,,,,,,,,,,,,,,,,,,,,,,,,,,,,,,,,,,
,,2013,Aleutians East Borough,AK,100,0,0,0,0,0,12/26/17,1/1/18,,,,,,,,,,,,,,,,,,,,,,,,,,,,,,,,,,,,,,,,,,,,,,,,,,,,,,,,,,,,,,,,,,,,,,,,,,,,,,,,,,,,,,,,,,,,,,,,,,,,,,,,,,
,,2013,Aleutians East Borough,AK,100,0,0,0,0,0,12/19/17,12/25/17,,,,,,,,,,,,,,,,,,,,,,,,,,,,,,,,,,,,,,,,,,,,,,,,,,,,,,,,,,,,,,,,,,,,,,,,,,,,,,,,,,,,,,,,,,,,,,,,,,,,,,,,,,
,,2013,Aleutians East Borough,AK,100,0,0,0,0,0,12/12/17,12/18/17,,,,,,,,,,,,,,,,,,,,,,,,,,,,,,,,,,,,,,,,,,,,,,,,,,,,,,,,,,,,,,,,,,,,,,,,,,,,,,,,,,,,,,,,,,,,,,,,,,,,,,,,,,
,,2013,Aleutians East Borough,AK,100,0,0,0,0,0,12/5/17,12/11/17,,,,,,,,,,,,,,,,,,,,,,,,,,,,,,,,,,,,,,,,,,,,,,,,,,,,,,,,,,,,,,,,,,,,,,,,,,,,,,,,,,,,,,,,,,,,,,,,,,,,,,,,,,
,,2013,Aleutians East Borough,AK,100,0,0,0,0,0,11/28/17,12/4/17,,,,,,,,,,,,,,,,,,,,,,,,,,,,,,,,,,,,,,,,,,,,,,,,,,,,,,,,,,,,,,,,,,,,,,,,,,,,,,,,,,,,,,,,,,,,,,,,,,,,,,,,,,
,,2013,Aleutians East Borough,AK,100,0,0,0,0,0,11/21/17,11/27/17,,,,,,,,,,,,,,,,,,,,,,,,,,,,,,,,,,,,,,,,,,,,,,,,,,,,,,,,,,,,,,,,,,,,,,,,,,,,,,,,,,,,,,,,,,,,,,,,,,,,,,,,,,
,,2013,Aleutians East Borough,AK,100,0,0,0,0,0,11/14/17,11/20/17,,,,,,,,,,,,,,,,,,,,,,,,,,,,,,,,,,,,,,,,,,,,,,,,,,,,,,,,,,,,,,,,,,,,,,,,,,,,,,,,,,,,,,,,,,,,,,,,,,,,,,,,,,
,,2013,Aleutians East Borough,AK,100,0,0,0,0,0,11/7/17,11/13/17,,,,,,,,,,,,,,,,,,,,,,,,,,,,,,,,,,,,,,,,,,,,,,,,,,,,,,,,,,,,,,,,,,,,,,,,,,,,,,,,,,,,,,,,,,,,,,,,,,,,,,,,,,
,,2013,Aleutians East Borough,AK,100,0,0,0,0,0,10/31/17,11/6/17,,,,,,,,,,,,,,,,,,,,,,,,,,,,,,,,,,,,,,,,,,,,,,,,,,,,,,,,,,,,,,,,,,,,,,,,,,,,,,,,,,,,,,,,,,,,,,,,,,,,,,,,,,
,,2013,Aleutians East Borough,AK,100,0,0,0,0,0,10/24/17,10/30/17,,,,,,,,,,,,,,,,,,,,,,,,,,,,,,,,,,,,,,,,,,,,,,,,,,,,,,,,,,,,,,,,,,,,,,,,,,,,,,,,,,,,,,,,,,,,,,,,,,,,,,,,,,
,,,,,,,,,,,,,,,,,,,,,,,,,,,,,,,,,,,,,,,,,,,,,,,,,,,,,,,,,,,,,,,,,,,,,,,,,,,,,,,,,,,,,,,,,,,,,,,,,,,,,,,,,,,,,,,,,,,,,,
,,,,,,,,,,,,,,,,,,,,,,,,,,,,,,,,,,,,,,,,,,,,,,,,,,,,,,,,,,,,,,,,,,,,,,,,,,,,,,,,,,,,,,,,,,,,,,,,,,,,,,,,,,,,,,,,,,,,,,
,,,,,,,,,,,,,,,,,,,,,,,,,,,,,,,,,,,,,,,,,,,,,,,,,,,,,,,,,,,,,,,,,,,,,,,,,,,,,,,,,,,,,,,,,,,,,,,,,,,,,,,,,,,,,,,,,,,,,,
earnings,,geo_id,fips,county,total_med,total_agri_fish_mine,agri_fish_hunt,mining_quarrying_oilgas_extract,construction,manufacturing,wholesale_trade,retail_trade,transport_warehouse_utilities,transport_warehouse,utilities,information,fin_ins_realest,fin_ins,realest_rent_lease,total_prof_sci_mgmt_admin,prof_sci_tech,mgmt,admin_sup,total_edu_health_social,edu_serv,health_social,total_arts_ent_acc_food,arts_ent_rec,acc_food_serv,other_ser,pub_admin,year,,,,,,,,,,,,,,,,,,,,,,,,,,,,,,,,,,,,,,,,,,,,,,,,,,,,,,,,,,,,,,,,,,,,,,,,,,,,,,,,,,,,,,
,,0500000US01001,1001,"Autauga County, Alabama",31811,31793,31957,22357,30347,44452,38203,20346,50727,43272,62819,40682,33184,34125,31200,40313,42211,,31250,30306,34358,26839,11231,10272,11430,26279,46858,2010,,,,,,,,,,,,,,,,,,,,,,,,,,,,,,,,,,,,,,,,,,,,,,,,,,,,,,,,,,,,,,,,,,,,,,,,,,,,,,,,,,,,,,
,,0500000US01003,1003,"Baldwin County, Alabama",30099,33173,27342,80938,30068,41917,43444,20814,42932,40755,46016,39524,31985,38516,26030,35095,49599,,23910,34506,37341,30968,14924,17414,14765,21440,38629,2010,,,,,,,,,,,,,,,,,,,,,,,,,,,,,,,,,,,,,,,,,,,,,,,,,,,,,,,,,,,,,,,,,,,,,,,,,,,,,,,,,,,,,,
,,0500000US01005,1005,"Barbour County, Alabama",23504,16167,14464,27500,20305,27630,18777,19142,32723,23750,47143,32216,27237,33622,16450,25603,53750,,20179,22398,42264,20434,6473,10724,5972,16090,30871,2010,,,,,,,,,,,,,,,,,,,,,,,,,,,,,,,,,,,,,,,,,,,,,,,,,,,,,,,,,,,,,,,,,,,,,,,,,,,,,,,,,,,,,,
,,0500000US01007,1007,"Bibb County, Alabama",30453,45237,46064,34406,30288,36231,43403,18077,35882,36936,23935,37713,30175,32083,22500,35859,50938,67917,13636,25474,36618,21632,16530,5114,20481,30956,33095,2010,,,,,,,,,,,,,,,,,,,,,,,,,,,,,,,,,,,,,,,,,,,,,,,,,,,,,,,,,,,,,,,,,,,,,,,,,,,,,,,,,,,,,,
,,0500000US01009,1009,"Blount County, Alabama",30739,26909,25610,54375,33055,32084,33198,21461,45297,42240,60833,44128,34440,35189,33846,32995,39150,,27553,31931,36631,29958,7535,10050,7282,25326,34838,2010,,,,,,,,,,,,,,,,,,,,,,,,,,,,,,,,,,,,,,,,,,,,,,,,,,,,,,,,,,,,,,,,,,,,,,,,,,,,,,,,,,,,,,
,,0500000US01011,1011,"Bullock County, Alabama",23676,23684,23684,,27596,22663,50353,17434,34569,33219,47407,14735,24779,23750,,25250,26250,,"2,500-",35269,37218,21250,12170,43012,10071,4278,34782,2010,,,,,,,,,,,,,,,,,,,,,,,,,,,,,,,,,,,,,,,,,,,,,,,,,,,,,,,,,,,,,,,,,,,,,,,,,,,,,,,,,,,,,,
,,0500000US01013,1013,"Butler County, Alabama",24174,37240,38170,,23250,24792,43194,18879,33125,28594,60625,42841,36067,31250,37061,31250,40064,,26932,25313,28750,24970,6751,5294,6911,16979,28909,2010,,,,,,,,,,,,,,,,,,,,,,,,,,,,,,,,,,,,,,,,,,,,,,,,,,,,,,,,,,,,,,,,,,,,,,,,,,,,,,,,,,,,,,
,,0500000US01015,1015,"Calhoun County, Alabama",28435,22760,22794,22679,26503,34044,32425,20032,40393,36402,47238,26852,28589,28816,27917,31259,44556,,25112,30625,35328,25211,9024,7434,9260,18696,47836,2010,,,,,,,,,,,,,,,,,,,,,,,,,,,,,,,,,,,,,,,,,,,,,,,,,,,,,,,,,,,,,,,,,,,,,,,,,,,,,,,,,,,,,,
,,0500000US01017,1017,"Chambers County, Alabama",25886,21250,21458,,24600,29944,32667,20591,31504,27407,40492,12188,28663,28866,28056,21280,28496,,20046,26671,34176,23996,8924,67868,7279,16516,31898,2010,,,,,,,,,,,,,,,,,,,,,,,,,,,,,,,,,,,,,,,,,,,,,,,,,,,,,,,,,,,,,,,,,,,,,,,,,,,,,,,,,,,,,,
,,0500000US01019,1019,"Cherokee County, Alabama",28430,41000,41500,14423,28023,29284,40833,20511,47444,49299,45727,42996,36167,40577,24412,26518,25893,,30729,35480,43429,25632,10230,"2,500-",10302,14091,40336,2010,,,,,,,,,,,,,,,,,,,,,,,,,,,,,,,,,,,,,,,,,,,,,,,,,,,,,,,,,,,,,,,,,,,,,,,,,,,,,,,,,,,,,,
,,,,,,,,,,,,,,,,,,,,,,,,,,,,,,,,,,,,,,,,,,,,,,,,,,,,,,,,,,,,,,,,,,,,,,,,,,,,,,,,,,,,,,,,,,,,,,,,,,,,,,,,,,,,,,,,,,,,,,
,,,,,,,,,,,,,,,,,,,,,,,,,,,,,,,,,,,,,,,,,,,,,,,,,,,,,,,,,,,,,,,,,,,,,,,,,,,,,,,,,,,,,,,,,,,,,,,,,,,,,,,,,,,,,,,,,,,,,,
,,,,,,,,,,,,,,,,,,,,,,,,,,,,,,,,,,,,,,,,,,,,,,,,,,,,,,,,,,,,,,,,,,,,,,,,,,,,,,,,,,,,,,,,,,,,,,,,,,,,,,,,,,,,,,,,,,,,,,
education_attainment,,fips,state,county,year,less_than_hs,hs_diploma,some_college_or_associates,college_bachelors_or_higher,pct_less_than_hs,pct_hs_diploma,pct_college_or_associates,pct_college_bachelors_or_higher,,,,,,,,,,,,,,,,,,,,,,,,,,,,,,,,,,,,,,,,,,,,,,,,,,,,,,,,,,,,,,,,,,,,,,,,,,,,,,,,,,,,,,,,,,,,,,,,,,,,,,,,,
,,0,US,United States,1970,52373312,34158051,11650730,11717266,47.7,31.1,10.6,10.7,,,,,,,,,,,,,,,,,,,,,,,,,,,,,,,,,,,,,,,,,,,,,,,,,,,,,,,,,,,,,,,,,,,,,,,,,,,,,,,,,,,,,,,,,,,,,,,,,,,,,,,,,
,,1000,AL,Alabama,1970,1062306,468269,136287,141936,58.7,25.9,7.5,7.8,,,,,,,,,,,,,,,,,,,,,,,,,,,,,,,,,,,,,,,,,,,,,,,,,,,,,,,,,,,,,,,,,,,,,,,,,,,,,,,,,,,,,,,,,,,,,,,,,,,,,,,,,
,,1001,AL,Autauga County,1970,6611,3757,933,767,54.8,31.1,7.7,6.4,,,,,,,,,,,,,,,,,,,,,,,,,,,,,,,,,,,,,,,,,,,,,,,,,,,,,,,,,,,,,,,,,,,,,,,,,,,,,,,,,,,,,,,,,,,,,,,,,,,,,,,,,
,,1003,AL,Baldwin County,1970,18726,8426,2334,2038,59.4,26.7,7.4,6.5,,,,,,,,,,,,,,,,,,,,,,,,,,,,,,,,,,,,,,,,,,,,,,,,,,,,,,,,,,,,,,,,,,,,,,,,,,,,,,,,,,,,,,,,,,,,,,,,,,,,,,,,,
,,1005,AL,Barbour County,1970,8120,2242,581,861,68.8,19,4.9,7.3,,,,,,,,,,,,,,,,,,,,,,,,,,,,,,,,,,,,,,,,,,,,,,,,,,,,,,,,,,,,,,,,,,,,,,,,,,,,,,,,,,,,,,,,,,,,,,,,,,,,,,,,,
,,1007,AL,Bibb County,1970,5272,1402,238,302,73.1,19.4,3.3,4.2,,,,,,,,,,,,,,,,,,,,,,,,,,,,,,,,,,,,,,,,,,,,,,,,,,,,,,,,,,,,,,,,,,,,,,,,,,,,,,,,,,,,,,,,,,,,,,,,,,,,,,,,,
,,1009,AL,Blount County,1970,10677,3440,626,404,70.5,22.7,4.1,2.7,,,,,,,,,,,,,,,,,,,,,,,,,,,,,,,,,,,,,,,,,,,,,,,,,,,,,,,,,,,,,,,,,,,,,,,,,,,,,,,,,,,,,,,,,,,,,,,,,,,,,,,,,
,,1011,AL,Bullock County,1970,4245,958,305,314,72.9,16.5,5.2,5.4,,,,,,,,,,,,,,,,,,,,,,,,,,,,,,,,,,,,,,,,,,,,,,,,,,,,,,,,,,,,,,,,,,,,,,,,,,,,,,,,,,,,,,,,,,,,,,,,,,,,,,,,,
,,1013,AL,Butler County,1970,8353,2459,499,541,70.5,20.7,4.2,4.6,,,,,,,,,,,,,,,,,,,,,,,,,,,,,,,,,,,,,,,,,,,,,,,,,,,,,,,,,,,,,,,,,,,,,,,,,,,,,,,,,,,,,,,,,,,,,,,,,,,,,,,,,
,,1015,AL,Calhoun County,1970,30535,13804,3823,3921,58.6,26.5,7.3,7.5,,,,,,,,,,,,,,,,,,,,,,,,,,,,,,,,,,,,,,,,,,,,,,,,,,,,,,,,,,,,,,,,,,,,,,,,,,,,,,,,,,,,,,,,,,,,,,,,,,,,,,,,,
,,,,,,,,,,,,,,,,,,,,,,,,,,,,,,,,,,,,,,,,,,,,,,,,,,,,,,,,,,,,,,,,,,,,,,,,,,,,,,,,,,,,,,,,,,,,,,,,,,,,,,,,,,,,,,,,,,,,,,
,,,,,,,,,,,,,,,,,,,,,,,,,,,,,,,,,,,,,,,,,,,,,,,,,,,,,,,,,,,,,,,,,,,,,,,,,,,,,,,,,,,,,,,,,,,,,,,,,,,,,,,,,,,,,,,,,,,,,,
,,,,,,,,,,,,,,,,,,,,,,,,,,,,,,,,,,,,,,,,,,,,,,,,,,,,,,,,,,,,,,,,,,,,,,,,,,,,,,,,,,,,,,,,,,,,,,,,,,,,,,,,,,,,,,,,,,,,,,
industry_occupation,,geo_id,fips,county,total_employed,agriculture,construction,manufacturing,wholesale_trade,retail_trade,transport_utilities,information,finance_insurance_realestate,prof_scientific_waste,edu_health,arts_recreation,other,public_admin,year,,,,,,,,,,,,,,,,,,,,,,,,,,,,,,,,,,,,,,,,,,,,,,,,,,,,,,,,,,,,,,,,,,,,,,,,,,,,,,,,,,,,,,,,,,,,,,,,,,,
,,0500000US01003,1003,"Baldwin County, Alabama",77263,1302,6489,6134,2131,9525,3557,940,5893,9873,14753,8257,3575,4834,2010,,,,,,,,,,,,,,,,,,,,,,,,,,,,,,,,,,,,,,,,,,,,,,,,,,,,,,,,,,,,,,,,,,,,,,,,,,,,,,,,,,,,,,,,,,,,,,,,,,,
,,0500000US01015,1015,"Calhoun County, Alabama",42768,337,1371,7868,750,5706,1626,779,2234,3776,8351,3799,2440,3731,2010,,,,,,,,,,,,,,,,,,,,,,,,,,,,,,,,,,,,,,,,,,,,,,,,,,,,,,,,,,,,,,,,,,,,,,,,,,,,,,,,,,,,,,,,,,,,,,,,,,,
,,0500000US01043,1043,"Cullman County, Alabama",,,,,,,,,,,,,,,2010,,,,,,,,,,,,,,,,,,,,,,,,,,,,,,,,,,,,,,,,,,,,,,,,,,,,,,,,,,,,,,,,,,,,,,,,,,,,,,,,,,,,,,,,,,,,,,,,,,,
,,0500000US01049,1049,"DeKalb County, Alabama",,,,,,,,,,,,,,,2010,,,,,,,,,,,,,,,,,,,,,,,,,,,,,,,,,,,,,,,,,,,,,,,,,,,,,,,,,,,,,,,,,,,,,,,,,,,,,,,,,,,,,,,,,,,,,,,,,,,
,,0500000US01051,1051,"Elmore County, Alabama",,,,,,,,,,,,,,,2010,,,,,,,,,,,,,,,,,,,,,,,,,,,,,,,,,,,,,,,,,,,,,,,,,,,,,,,,,,,,,,,,,,,,,,,,,,,,,,,,,,,,,,,,,,,,,,,,,,,
,,0500000US01055,1055,"Etowah County, Alabama",,,,,,,,,,,,,,,2010,,,,,,,,,,,,,,,,,,,,,,,,,,,,,,,,,,,,,,,,,,,,,,,,,,,,,,,,,,,,,,,,,,,,,,,,,,,,,,,,,,,,,,,,,,,,,,,,,,,
,,0500000US01069,1069,"Houston County, Alabama",45470,790,2967,4237,1897,6225,2838,670,1980,3458,9843,5200,2658,2707,2010,,,,,,,,,,,,,,,,,,,,,,,,,,,,,,,,,,,,,,,,,,,,,,,,,,,,,,,,,,,,,,,,,,,,,,,,,,,,,,,,,,,,,,,,,,,,,,,,,,,
,,0500000US01073,1073,"Jefferson County, Alabama",289454,1761,17682,27091,8859,34024,14727,8309,25021,29164,67630,26357,15828,13001,2010,,,,,,,,,,,,,,,,,,,,,,,,,,,,,,,,,,,,,,,,,,,,,,,,,,,,,,,,,,,,,,,,,,,,,,,,,,,,,,,,,,,,,,,,,,,,,,,,,,,
,,0500000US01077,1077,"Lauderdale County, Alabama",39581,946,3579,4285,1364,6047,2474,439,1771,2710,8624,3551,3148,643,2010,,,,,,,,,,,,,,,,,,,,,,,,,,,,,,,,,,,,,,,,,,,,,,,,,,,,,,,,,,,,,,,,,,,,,,,,,,,,,,,,,,,,,,,,,,,,,,,,,,,
,,0500000US01081,1081,"Lee County, Alabama",63718,763,3315,7701,765,7232,1976,1198,3862,4520,18639,7234,3187,3326,2010,,,,,,,,,,,,,,,,,,,,,,,,,,,,,,,,,,,,,,,,,,,,,,,,,,,,,,,,,,,,,,,,,,,,,,,,,,,,,,,,,,,,,,,,,,,,,,,,,,,
,,,,,,,,,,,,,,,,,,,,,,,,,,,,,,,,,,,,,,,,,,,,,,,,,,,,,,,,,,,,,,,,,,,,,,,,,,,,,,,,,,,,,,,,,,,,,,,,,,,,,,,,,,,,,,,,,,,,,,
,,,,,,,,,,,,,,,,,,,,,,,,,,,,,,,,,,,,,,,,,,,,,,,,,,,,,,,,,,,,,,,,,,,,,,,,,,,,,,,,,,,,,,,,,,,,,,,,,,,,,,,,,,,,,,,,,,,,,,
,,,,,,,,,,,,,,,,,,,,,,,,,,,,,,,,,,,,,,,,,,,,,,,,,,,,,,,,,,,,,,,,,,,,,,,,,,,,,,,,,,,,,,,,,,,,,,,,,,,,,,,,,,,,,,,,,,,,,,
water_usage,,state,state_fips,county,county_fips,fips,year,population,pub_sup_1,pub_sup_2,pub_sup_3,pub_sup_4,pub_sup_5,pub_sup_6,pub_sup_7,pub_sup_8,pub_sup_9,pub_sup_10,pub_sup_11,pub_sup_12,dom_sup_1,dom_sup_2,dom_sup_3,dom_sup_4,dom_sup_5,dom_sup_6,dom_sup_7,dom_sup_8,ind_1,ind_2,ind_3,ind_4,ind_5,ind_6,ind_7,ind_8,ind_9,irrigation_1,irrigation_2,irrigation_3,irrigation_4,irrigation_5,irrigation_6,irrigation_7,crop_1,crop_2,crop_3,crop_4,crop_5,crop_6,crop_7,golf_1,golf_2,golf_3,golf_4,golf_5,golf_6,golf_7,livestock_1,livestock_2,livestock_3,aqua_1,aqua_2,aqua_3,aqua_4,aqua_5,aqua_6,aqua_7,aqua_8,aqua_9,mining_1,mining_2,mining_3,mining_4,mining_5,mining_6,mining_7,mining_8,mining_9,thermoelectric_1,thermoelectric_2,thermoelectric_3,thermoelectric_4,thermoelectric_5,thermoelectric_6,thermoelectric_7,thermoelectric_8,thermoelectric_9,thermoelectric_10,thermoelectric_11,thermoelectric_12,thermoelectric_13,thermoelectric_14,thermoelectric_15,thermoelectric_16,thermoelectric_17,thermoelectric_18,thermoelectric_19,thermoelectric_20,thermoelectric_21,thermoelectric_22,thermoelectric_23,thermoelectric_24,thermoelectric_25,thermoelectric_26,thermoelectric_27,thermoelectric_28,thermoelectric_29,thermoelectric_30,gro_wat_1,gro_wat_2,gro_wat_3,surf_wat_1,surf_wat_2,surf_wat_3,total_withdrawal_1,total_withdrawal_2,total_withdrawal_3
,,AL,1,Autauga County,1,1001,2010,54.571,,,48.222,5.09,0,5.09,0,0,0,5.09,0,5.09,6.349,0.37,0,0.37,58,3.17,66,3.54,9.89,0,9.89,31.14,0,31.14,41.03,0,41.03,2.88,0.06,2.94,1.9,0.03,0.02,1.95,2.88,0,2.88,1.8,0.03,0.02,1.85,0,0.06,0.06,0.1,0,0,0.1,0.06,0.09,0.15,0,,0,0,,0,0,0,0,0.09,0,0.09,0.04,0,0.04,0.13,0,0.13,0,0,0,5.84,0,5.84,5.84,0,5.84,6738.26,0,0,0,0,0,0,0,0,0,0,0,0,0,5.84,0,5.84,5.84,0,5.84,6738.26,18.38,0,18.38,37.17,0,37.17,55.55,0,55.55
,,AL,1,Baldwin County,3,1003,2010,182.265,,,153.463,22.97,0,22.97,0,0,0,22.97,0,22.97,28.802,1.71,0,1.71,59,11.95,78,13.66,0,0,0,0,0,0,0,0,0,32.3,6.66,38.96,12.44,0.43,0.17,13.04,32.3,5.07,37.37,10.3,0.43,0.17,10.9,0,1.59,1.59,2.14,0,0,2.14,0.16,0.19,0.35,0,,0,0.16,,0.16,0.16,0,0.16,0.21,0,0.21,0,0,0,0.21,0,0.21,0,0,0,0,0,0,0,0,0,0,0,0,0,0,0,0,0,0,0,0,0,0,0,0,0,0,0,0,0,0,57.35,0,57.35,7.01,0,7.01,64.36,0,64.36
,,AL,1,Barbour County,5,1005,2010,27.457,,,25.555,4.15,0,4.15,0,0,0,4.15,0,4.15,1.902,0.15,0,0.15,79,1.9,74,2.05,1.58,0,1.58,0,0,0,1.58,0,1.58,0.46,1.71,2.17,3.23,0.07,0,3.3,0.46,1.52,1.98,2.93,0.07,0,3,0,0.19,0.19,0.3,0,0,0.3,0.15,0.23,0.38,0.09,,0.09,2.34,,2.34,2.43,0,2.43,0.13,0,0.13,0.06,0,0.06,0.19,0,0.19,0,0,0,0,0,0,0,0,0,0,0,0,0,0,0,0,0,0,0,0,0,0,0,0,0,0,0,0,0,0,6.71,0,6.71,4.34,0,4.34,11.05,0,11.05
,,AL,1,Bibb County,7,1007,2010,22.915,,,21.279,4.89,0,4.89,0,0,0,4.89,0,4.89,1.636,0.15,0,0.15,92,1.69,79,1.84,0,0,0,0,0,0,0,0,0,0.63,0.06,0.69,0.4,0,0,0.4,0.63,0,0.63,0.3,0,0,0.3,0,0.06,0.06,0.1,0,0,0.1,0.03,0.04,0.07,0,,0,1.45,,1.45,1.45,0,1.45,0.36,0,0.36,0,0,0,0.36,0,0.36,0,0,0,0,0,0,0,0,0,0,0,0,0,0,0,0,0,0,0,0,0,0,0,0,0,0,0,0,0,0,6.06,0,6.06,1.55,0,1.55,7.61,0,7.61
,,AL,1,Blount County,9,1009,2010,57.322,,,44.464,2.44,0,2.44,52.17,0,52.17,54.61,0,54.61,12.858,0.89,0,0.89,69,2.98,67,3.87,0,0,0,0,0,0,0,0,0,0.12,0.36,0.48,0.96,0.01,0,0.97,0.12,0.12,0.24,0.55,0.01,0,0.56,0,0.24,0.24,0.41,0,0,0.41,0.47,0.51,0.98,0,,0,0,,0,0,0,0,0.12,0,0.12,0,0,0,0.12,0,0.12,0,0,0,0,0,0,0,0,0,0,0,0,0,0,0,0,0,0,0,0,0,0,0,0,0,0,0,0,0,0,4.04,0,4.04,53.04,0,53.04,57.08,0,57.08
,,AL,1,Bullock County,11,1011,2010,10.914,,,10.176,2.3,0,2.3,0,0,0,2.3,0,2.3,0.738,0.08,0,0.08,108,1.12,110,1.2,0,0,0,0,0,0,0,0,0,0.29,0.32,0.61,0.24,0,0,0.24,0.29,0.29,0.58,0.18,0,0,0.18,0,0.03,0.03,0.06,0,0,0.06,0.05,0.09,0.14,0,,0,0,,0,0,0,0,0.04,0,0.04,0.02,0,0.02,0.06,0,0.06,0,0,0,0,0,0,0,0,0,0,0,0,0,0,0,0,0,0,0,0,0,0,0,0,0,0,0,0,0,0,2.76,0,2.76,0.43,0,0.43,3.19,0,3.19
,,AL,1,Butler County,13,1013,2010,20.947,,,17.599,2.7,0,2.7,0,0,0,2.7,0,2.7,3.348,0.28,0,0.28,84,1.34,76,1.62,0.3,0,0.3,0,0,0,0.3,0,0.3,0.02,0.32,0.34,0.44,0,0,0.44,0.02,0.01,0.03,0.06,0,0,0.06,0,0.31,0.31,0.38,0,0,0.38,0.16,0.24,0.4,0.27,,0.27,0.23,,0.23,0.5,0,0.5,0,0,0,0,0,0,0,0,0,0,0,0,0,0,0,0,0,0,0,0,0,0,0,0,0,0,0,0,0,0,0,0,0,0,0,0,0,0,0,3.73,0,3.73,0.79,0,0.79,4.52,0,4.52
,,AL,1,Calhoun County,15,1015,2010,118.572,,,112.39,20.83,0,20.83,2.47,0,2.47,23.3,0,23.3,6.182,0.51,0,0.51,82,9.4,84,9.91,0.97,0,0.97,0,0,0,0.97,0,0.97,0,4.09,4.09,3.35,0,0,3.35,0,3.44,3.44,2.47,0,0,2.47,0,0.65,0.65,0.88,0,0,0.88,0.13,0.19,0.32,0,,0,0.02,,0.02,0.02,0,0.02,0.07,0,0.07,0.03,0,0.03,0.1,0,0.1,0,0,0,0,0,0,0,0,0,0,0,0,0,0,0,0,0,0,0,0,0,0,0,0,0,0,0,0,0,0,22.51,0,22.51,6.8,0,6.8,29.31,0,29.31
,,AL,1,Chambers County,17,1017,2010,34.215,,,25.875,0,0,0,4.31,0,4.31,4.31,0,4.31,8.34,0.71,0,0.71,85,2.11,82,2.82,0,0,0,0,0,0,0,0,0,0.17,0.03,0.2,0.39,0,0,0.39,0.17,0,0.17,0.33,0,0,0.33,0,0.03,0.03,0.06,0,0,0.06,0.07,0.11,0.18,0,,0,0,,0,0,0,0,0,0,0,0,0,0,0,0,0,0,0,0,0,0,0,0,0,0,0,0,0,0,0,0,0,0,0,0,0,0,0,0,0,0,0,0,0,0,0,0.95,0,0.95,4.45,0,4.45,5.4,0,5.4
,,AL,1,Cherokee County,19,1019,2010,25.989,,,17.876,2.53,0,2.53,0.96,0,0.96,3.49,0,3.49,8.113,0.52,0,0.52,64,1.15,64,1.67,0,0,0,0,0,0,0,0,0,0,1.24,1.24,1.45,0,0,1.45,0,1.18,1.18,1.35,0,0,1.35,0,0.06,0.06,0.1,0,0,0.1,0.11,0.17,0.28,0,,0,0,,0,0,0,0,0.01,0,0.01,0,0,0,0.01,0,0.01,0,0,0,0,0,0,0,0,0,0,0,0,0,0,0,0,0,0,0,0,0,0,0,0,0,0,0,0,0,0,3.17,0,3.17,2.37,0,2.37,5.54,0,5.54